x,y,theta,energy_used_mean,energy_used_max,efficiency_mean,efficiency_max,fitness,attachment_length_max,attachment_length_mean,attachment_length_std,joint_brick_ratio,symmetry_incl_sum,symmetry_excl_sum,coverage,branching,surface
0.0,0.0,0.0,26.512136653146506,45.46382133073781,9.39344825691459e-05,0.0019609939597181733,1.1941376173653044,0.3793103448275862,0.3793103448275862,0,0.8275862068965517,1.2799785745019012,1.4868751262260391,0.2564102564102564,0.3333333333333333,0.3669064748201439
0.0011783535886872936,-0.0015446510285846286,-52.66141274490546,26.512136653146506,45.46382133073781,9.39344825691459e-05,0.0019609939597181733,1.1941376173653044,0.3793103448275862,0.3793103448275862,0,0.8275862068965517,1.2799785745019012,1.4868751262260391,0.2564102564102564,0.3333333333333333,0.3669064748201439
0.001262707669441659,-0.0015507112784060575,-50.84488517003077,26.512136653146506,45.46382133073781,9.39344825691459e-05,0.0019609939597181733,1.1941376173653044,0.3793103448275862,0.3793103448275862,0,0.8275862068965517,1.2799785745019012,1.4868751262260391,0.2564102564102564,0.3333333333333333,0.3669064748201439
0.0018929144913591557,-0.005772345216126112,-71.84422641145281,26.512136653146506,45.46382133073781,9.39344825691459e-05,0.0019609939597181733,1.1941376173653044,0.3793103448275862,0.3793103448275862,0,0.8275862068965517,1.2799785745019012,1.4868751262260391,0.2564102564102564,0.3333333333333333,0.3669064748201439
-0.021826077150577,-0.03599066388569392,-121.23418060602333,26.512136653146506,45.46382133073781,9.39344825691459e-05,0.0019609939597181733,1.1941376173653044,0.3793103448275862,0.3793103448275862,0,0.8275862068965517,1.2799785745019012,1.4868751262260391,0.2564102564102564,0.3333333333333333,0.3669064748201439
-0.033530581024035416,-0.039287747824113435,-130.47948118320386,26.512136653146506,45.46382133073781,9.39344825691459e-05,0.0019609939597181733,1.1941376173653044,0.3793103448275862,0.3793103448275862,0,0.8275862068965517,1.2799785745019012,1.4868751262260391,0.2564102564102564,0.3333333333333333,0.3669064748201439
-0.03253590048954081,-0.05099300313774891,-122.53976369977718,26.512136653146506,45.46382133073781,9.39344825691459e-05,0.0019609939597181733,1.1941376173653044,0.3793103448275862,0.3793103448275862,0,0.8275862068965517,1.2799785745019012,1.4868751262260391,0.2564102564102564,0.3333333333333333,0.3669064748201439
-0.033153788144655215,-0.05510846928273909,-121.03152266139804,26.512136653146506,45.46382133073781,9.39344825691459e-05,0.0019609939597181733,1.1941376173653044,0.3793103448275862,0.3793103448275862,0,0.8275862068965517,1.2799785745019012,1.4868751262260391,0.2564102564102564,0.3333333333333333,0.3669064748201439
-0.03294595239786251,-0.051018178895196595,-122.853116037847,26.512136653146506,45.46382133073781,9.39344825691459e-05,0.0019609939597181733,1.1941376173653044,0.3793103448275862,0.3793103448275862,0,0.8275862068965517,1.2799785745019012,1.4868751262260391,0.2564102564102564,0.3333333333333333,0.3669064748201439
-0.03091591532674295,-0.058289073218952575,-117.94101182868441,26.512136653146506,45.46382133073781,9.39344825691459e-05,0.0019609939597181733,1.1941376173653044,0.3793103448275862,0.3793103448275862,0,0.8275862068965517,1.2799785745019012,1.4868751262260391,0.2564102564102564,0.3333333333333333,0.3669064748201439
-0.027915771742717976,-0.075677762532746,-110.2478482605276,26.512136653146506,45.46382133073781,9.39344825691459e-05,0.0019609939597181733,1.1941376173653044,0.3793103448275862,0.3793103448275862,0,0.8275862068965517,1.2799785745019012,1.4868751262260391,0.2564102564102564,0.3333333333333333,0.3669064748201439
-0.036093951775639656,-0.07553934417723382,-115.53924481259867,26.512136653146506,45.46382133073781,9.39344825691459e-05,0.0019609939597181733,1.1941376173653044,0.3793103448275862,0.3793103448275862,0,0.8275862068965517,1.2799785745019012,1.4868751262260391,0.2564102564102564,0.3333333333333333,0.3669064748201439
-0.029718623758602843,-0.08424282746143276,-109.43148333599187,26.512136653146506,45.46382133073781,9.39344825691459e-05,0.0019609939597181733,1.1941376173653044,0.3793103448275862,0.3793103448275862,0,0.8275862068965517,1.2799785745019012,1.4868751262260391,0.2564102564102564,0.3333333333333333,0.3669064748201439
-0.03024430088989643,-0.08504604683140791,-109.57653874872999,26.512136653146506,45.46382133073781,9.39344825691459e-05,0.0019609939597181733,1.1941376173653044,0.3793103448275862,0.3793103448275862,0,0.8275862068965517,1.2799785745019012,1.4868751262260391,0.2564102564102564,0.3333333333333333,0.3669064748201439
-0.033264389326472986,-0.08152472333577074,-112.196846609453,26.512136653146506,45.46382133073781,9.39344825691459e-05,0.0019609939597181733,1.1941376173653044,0.3793103448275862,0.3793103448275862,0,0.8275862068965517,1.2799785745019012,1.4868751262260391,0.2564102564102564,0.3333333333333333,0.3669064748201439
-0.03407062458621568,-0.09709619178864025,-109.33574657512577,26.512136653146506,45.46382133073781,9.39344825691459e-05,0.0019609939597181733,1.1941376173653044,0.3793103448275862,0.3793103448275862,0,0.8275862068965517,1.2799785745019012,1.4868751262260391,0.2564102564102564,0.3333333333333333,0.3669064748201439
-0.030597734439736273,-0.09389732988218352,-108.04891067293185,26.512136653146506,45.46382133073781,9.39344825691459e-05,0.0019609939597181733,1.1941376173653044,0.3793103448275862,0.3793103448275862,0,0.8275862068965517,1.2799785745019012,1.4868751262260391,0.2564102564102564,0.3333333333333333,0.3669064748201439
-0.031132463235686903,-0.09328546577944079,-108.45556939560247,26.512136653146506,45.46382133073781,9.39344825691459e-05,0.0019609939597181733,1.1941376173653044,0.3793103448275862,0.3793103448275862,0,0.8275862068965517,1.2799785745019012,1.4868751262260391,0.2564102564102564,0.3333333333333333,0.3669064748201439
-0.03699950082764269,-0.09571898365229084,-111.13365937729576,26.512136653146506,45.46382133073781,9.39344825691459e-05,0.0019609939597181733,1.1941376173653044,0.3793103448275862,0.3793103448275862,0,0.8275862068965517,1.2799785745019012,1.4868751262260391,0.2564102564102564,0.3333333333333333,0.3669064748201439
0.003442853490136984,-0.12933635746819758,-88.47518203191753,26.512136653146506,45.46382133073781,9.39344825691459e-05,0.0019609939597181733,1.1941376173653044,0.3793103448275862,0.3793103448275862,0,0.8275862068965517,1.2799785745019012,1.4868751262260391,0.2564102564102564,0.3333333333333333,0.3669064748201439
0.02400526482923289,-0.1110901132077463,-77.8065375657101,26.512136653146506,45.46382133073781,9.39344825691459e-05,0.0019609939597181733,1.1941376173653044,0.3793103448275862,0.3793103448275862,0,0.8275862068965517,1.2799785745019012,1.4868751262260391,0.2564102564102564,0.3333333333333333,0.3669064748201439
0.023950921994351126,-0.10870343357831648,-77.57439996918792,26.512136653146506,45.46382133073781,9.39344825691459e-05,0.0019609939597181733,1.1941376173653044,0.3793103448275862,0.3793103448275862,0,0.8275862068965517,1.2799785745019012,1.4868751262260391,0.2564102564102564,0.3333333333333333,0.3669064748201439
0.03758060371234282,-0.14620089662340285,-75.58434113004529,26.512136653146506,45.46382133073781,9.39344825691459e-05,0.0019609939597181733,1.1941376173653044,0.3793103448275862,0.3793103448275862,0,0.8275862068965517,1.2799785745019012,1.4868751262260391,0.2564102564102564,0.3333333333333333,0.3669064748201439
0.05130183059082303,-0.13474572342252802,-69.15663559887501,26.512136653146506,45.46382133073781,9.39344825691459e-05,0.0019609939597181733,1.1941376173653044,0.3793103448275862,0.3793103448275862,0,0.8275862068965517,1.2799785745019012,1.4868751262260391,0.2564102564102564,0.3333333333333333,0.3669064748201439
0.05041841428938236,-0.14441031366523419,-70.75421711188561,26.512136653146506,45.46382133073781,9.39344825691459e-05,0.0019609939597181733,1.1941376173653044,0.3793103448275862,0.3793103448275862,0,0.8275862068965517,1.2799785745019012,1.4868751262260391,0.2564102564102564,0.3333333333333333,0.3669064748201439
0.07806189688918323,-0.17896236281283706,-66.43356989164019,26.512136653146506,45.46382133073781,9.39344825691459e-05,0.0019609939597181733,1.1941376173653044,0.3793103448275862,0.3793103448275862,0,0.8275862068965517,1.2799785745019012,1.4868751262260391,0.2564102564102564,0.3333333333333333,0.3669064748201439
0.11000905402853321,-0.21919305880324783,-63.34874856640374,26.512136653146506,45.46382133073781,9.39344825691459e-05,0.0019609939597181733,1.1941376173653044,0.3793103448275862,0.3793103448275862,0,0.8275862068965517,1.2799785745019012,1.4868751262260391,0.2564102564102564,0.3333333333333333,0.3669064748201439
0.1411362761800818,-0.2048681905066583,-55.43655434618118,26.512136653146506,45.46382133073781,9.39344825691459e-05,0.0019609939597181733,1.1941376173653044,0.3793103448275862,0.3793103448275862,0,0.8275862068965517,1.2799785745019012,1.4868751262260391,0.2564102564102564,0.3333333333333333,0.3669064748201439
0.12961637366009343,-0.2063033102519903,-57.85964931478104,26.512136653146506,45.46382133073781,9.39344825691459e-05,0.0019609939597181733,1.1941376173653044,0.3793103448275862,0.3793103448275862,0,0.8275862068965517,1.2799785745019012,1.4868751262260391,0.2564102564102564,0.3333333333333333,0.3669064748201439
0.12974756391301057,-0.20879026306062654,-58.14213394314681,26.512136653146506,45.46382133073781,9.39344825691459e-05,0.0019609939597181733,1.1941376173653044,0.3793103448275862,0.3793103448275862,0,0.8275862068965517,1.2799785745019012,1.4868751262260391,0.2564102564102564,0.3333333333333333,0.3669064748201439
0.13166578032513393,-0.20814659386113035,-57.68407931323004,26.512136653146506,45.46382133073781,9.39344825691459e-05,0.0019609939597181733,1.1941376173653044,0.3793103448275862,0.3793103448275862,0,0.8275862068965517,1.2799785745019012,1.4868751262260391,0.2564102564102564,0.3333333333333333,0.3669064748201439
0.16230757994688905,-0.26277997751210774,-58.298207372538926,26.512136653146506,45.46382133073781,9.39344825691459e-05,0.0019609939597181733,1.1941376173653044,0.3793103448275862,0.3793103448275862,0,0.8275862068965517,1.2799785745019012,1.4868751262260391,0.2564102564102564,0.3333333333333333,0.3669064748201439
0.1832202892639561,-0.275276244642498,-56.35278029239669,26.512136653146506,45.46382133073781,9.39344825691459e-05,0.0019609939597181733,1.1941376173653044,0.3793103448275862,0.3793103448275862,0,0.8275862068965517,1.2799785745019012,1.4868751262260391,0.2564102564102564,0.3333333333333333,0.3669064748201439
0.21045045289586636,-0.2625176921028351,-51.282175110474526,26.512136653146506,45.46382133073781,9.39344825691459e-05,0.0019609939597181733,1.1941376173653044,0.3793103448275862,0.3793103448275862,0,0.8275862068965517,1.2799785745019012,1.4868751262260391,0.2564102564102564,0.3333333333333333,0.3669064748201439
0.1963049471510368,-0.33876674147114494,-59.90902230150154,26.512136653146506,45.46382133073781,9.39344825691459e-05,0.0019609939597181733,1.1941376173653044,0.3793103448275862,0.3793103448275862,0,0.8275862068965517,1.2799785745019012,1.4868751262260391,0.2564102564102564,0.3333333333333333,0.3669064748201439
0.1751172582558242,-0.35607018994896883,-63.81178935142677,26.512136653146506,45.46382133073781,9.39344825691459e-05,0.0019609939597181733,1.1941376173653044,0.3793103448275862,0.3793103448275862,0,0.8275862068965517,1.2799785745019012,1.4868751262260391,0.2564102564102564,0.3333333333333333,0.3669064748201439
0.20037295055574875,-0.34631558701725723,-59.94697633362015,26.512136653146506,45.46382133073781,9.39344825691459e-05,0.0019609939597181733,1.1941376173653044,0.3793103448275862,0.3793103448275862,0,0.8275862068965517,1.2799785745019012,1.4868751262260391,0.2564102564102564,0.3333333333333333,0.3669064748201439
0.19181659108609628,-0.3797768802581599,-63.202706338427035,26.512136653146506,45.46382133073781,9.39344825691459e-05,0.0019609939597181733,1.1941376173653044,0.3793103448275862,0.3793103448275862,0,0.8275862068965517,1.2799785745019012,1.4868751262260391,0.2564102564102564,0.3333333333333333,0.3669064748201439
0.21350841718360342,-0.3855555774808955,-61.02371050102775,26.512136653146506,45.46382133073781,9.39344825691459e-05,0.0019609939597181733,1.1941376173653044,0.3793103448275862,0.3793103448275862,0,0.8275862068965517,1.2799785745019012,1.4868751262260391,0.2564102564102564,0.3333333333333333,0.3669064748201439
0.22428640931582028,-0.37769358782364565,-59.29681842364442,26.512136653146506,45.46382133073781,9.39344825691459e-05,0.0019609939597181733,1.1941376173653044,0.3793103448275862,0.3793103448275862,0,0.8275862068965517,1.2799785745019012,1.4868751262260391,0.2564102564102564,0.3333333333333333,0.3669064748201439
0.2280975395860132,-0.4231403313143086,-61.672719925594066,26.512136653146506,45.46382133073781,9.39344825691459e-05,0.0019609939597181733,1.1941376173653044,0.3793103448275862,0.3793103448275862,0,0.8275862068965517,1.2799785745019012,1.4868751262260391,0.2564102564102564,0.3333333333333333,0.3669064748201439
0.21443752473036176,-0.43325993078587033,-63.66736669504794,26.512136653146506,45.46382133073781,9.39344825691459e-05,0.0019609939597181733,1.1941376173653044,0.3793103448275862,0.3793103448275862,0,0.8275862068965517,1.2799785745019012,1.4868751262260391,0.2564102564102564,0.3333333333333333,0.3669064748201439
0.24564798326062287,-0.4171000712035943,-59.50435839534762,26.512136653146506,45.46382133073781,9.39344825691459e-05,0.0019609939597181733,1.1941376173653044,0.3793103448275862,0.3793103448275862,0,0.8275862068965517,1.2799785745019012,1.4868751262260391,0.2564102564102564,0.3333333333333333,0.3669064748201439
0.22808748679131993,-0.4407995415987375,-62.64112918349852,26.512136653146506,45.46382133073781,9.39344825691459e-05,0.0019609939597181733,1.1941376173653044,0.3793103448275862,0.3793103448275862,0,0.8275862068965517,1.2799785745019012,1.4868751262260391,0.2564102564102564,0.3333333333333333,0.3669064748201439
0.23226433132817284,-0.44277912096269045,-62.320282009625174,26.512136653146506,45.46382133073781,9.39344825691459e-05,0.0019609939597181733,1.1941376173653044,0.3793103448275862,0.3793103448275862,0,0.8275862068965517,1.2799785745019012,1.4868751262260391,0.2564102564102564,0.3333333333333333,0.3669064748201439
0.2353200944665985,-0.45570515054941924,-62.688769694038875,26.512136653146506,45.46382133073781,9.39344825691459e-05,0.0019609939597181733,1.1941376173653044,0.3793103448275862,0.3793103448275862,0,0.8275862068965517,1.2799785745019012,1.4868751262260391,0.2564102564102564,0.3333333333333333,0.3669064748201439
0.25513485749092807,-0.5049782289757963,-63.19529968156466,26.512136653146506,45.46382133073781,9.39344825691459e-05,0.0019609939597181733,1.1941376173653044,0.3793103448275862,0.3793103448275862,0,0.8275862068965517,1.2799785745019012,1.4868751262260391,0.2564102564102564,0.3333333333333333,0.3669064748201439
0.299389368343271,-0.5065350114597051,-59.4146343985349,26.512136653146506,45.46382133073781,9.39344825691459e-05,0.0019609939597181733,1.1941376173653044,0.3793103448275862,0.3793103448275862,0,0.8275862068965517,1.2799785745019012,1.4868751262260391,0.2564102564102564,0.3333333333333333,0.3669064748201439
0.3012797618373704,-0.528985767819656,-60.33665785922469,26.512136653146506,45.46382133073781,9.39344825691459e-05,0.0019609939597181733,1.1941376173653044,0.3793103448275862,0.3793103448275862,0,0.8275862068965517,1.2799785745019012,1.4868751262260391,0.2564102564102564,0.3333333333333333,0.3669064748201439
0.2991780376727661,-0.5365988522337268,-60.85836388004258,26.512136653146506,45.46382133073781,9.39344825691459e-05,0.0019609939597181733,1.1941376173653044,0.3793103448275862,0.3793103448275862,0,0.8275862068965517,1.2799785745019012,1.4868751262260391,0.2564102564102564,0.3333333333333333,0.3669064748201439
0.298840341173821,-0.5390605125395102,-60.99721779382401,26.512136653146506,45.46382133073781,9.39344825691459e-05,0.0019609939597181733,1.1941376173653044,0.3793103448275862,0.3793103448275862,0,0.8275862068965517,1.2799785745019012,1.4868751262260391,0.2564102564102564,0.3333333333333333,0.3669064748201439
0.30139086811645494,-0.5396718851656546,-60.817926647715524,26.512136653146506,45.46382133073781,9.39344825691459e-05,0.0019609939597181733,1.1941376173653044,0.3793103448275862,0.3793103448275862,0,0.8275862068965517,1.2799785745019012,1.4868751262260391,0.2564102564102564,0.3333333333333333,0.3669064748201439
0.30231061995962355,-0.5414616694745251,-60.82436290748591,26.512136653146506,45.46382133073781,9.39344825691459e-05,0.0019609939597181733,1.1941376173653044,0.3793103448275862,0.3793103448275862,0,0.8275862068965517,1.2799785745019012,1.4868751262260391,0.2564102564102564,0.3333333333333333,0.3669064748201439
0.3000740532887326,-0.5435566105463306,-61.098813734818805,26.512136653146506,45.46382133073781,9.39344825691459e-05,0.0019609939597181733,1.1941376173653044,0.3793103448275862,0.3793103448275862,0,0.8275862068965517,1.2799785745019012,1.4868751262260391,0.2564102564102564,0.3333333333333333,0.3669064748201439
0.3007014520598998,-0.5442157101108268,-61.077553221506534,26.512136653146506,45.46382133073781,9.39344825691459e-05,0.0019609939597181733,1.1941376173653044,0.3793103448275862,0.3793103448275862,0,0.8275862068965517,1.2799785745019012,1.4868751262260391,0.2564102564102564,0.3333333333333333,0.3669064748201439
0.3013828015288077,-0.5449371374695962,-61.054784222532795,26.512136653146506,45.46382133073781,9.39344825691459e-05,0.0019609939597181733,1.1941376173653044,0.3793103448275862,0.3793103448275862,0,0.8275862068965517,1.2799785745019012,1.4868751262260391,0.2564102564102564,0.3333333333333333,0.3669064748201439
0.29656444157269696,-0.5468844120092379,-61.529911644728145,26.512136653146506,45.46382133073781,9.39344825691459e-05,0.0019609939597181733,1.1941376173653044,0.3793103448275862,0.3793103448275862,0,0.8275862068965517,1.2799785745019012,1.4868751262260391,0.2564102564102564,0.3333333333333333,0.3669064748201439
0.2992098370186562,-0.5587949716503643,-61.832932381418,26.512136653146506,45.46382133073781,9.39344825691459e-05,0.0019609939597181733,1.1941376173653044,0.3793103448275862,0.3793103448275862,0,0.8275862068965517,1.2799785745019012,1.4868751262260391,0.2564102564102564,0.3333333333333333,0.3669064748201439
0.28394700073357787,-0.5677883091133653,-63.43068279613182,26.512136653146506,45.46382133073781,9.39344825691459e-05,0.0019609939597181733,1.1941376173653044,0.3793103448275862,0.3793103448275862,0,0.8275862068965517,1.2799785745019012,1.4868751262260391,0.2564102564102564,0.3333333333333333,0.3669064748201439
0.2752074370010405,-0.5751161080784732,-64.42771959345134,26.512136653146506,45.46382133073781,9.39344825691459e-05,0.0019609939597181733,1.1941376173653044,0.3793103448275862,0.3793103448275862,0,0.8275862068965517,1.2799785745019012,1.4868751262260391,0.2564102564102564,0.3333333333333333,0.3669064748201439
0.2798411861051615,-0.5742831331107661,-64.0205890351467,26.512136653146506,45.46382133073781,9.39344825691459e-05,0.0019609939597181733,1.1941376173653044,0.3793103448275862,0.3793103448275862,0,0.8275862068965517,1.2799785745019012,1.4868751262260391,0.2564102564102564,0.3333333333333333,0.3669064748201439
0.27945236963519504,-0.5797269824845324,-64.26401139782783,26.512136653146506,45.46382133073781,9.39344825691459e-05,0.0019609939597181733,1.1941376173653044,0.3793103448275862,0.3793103448275862,0,0.8275862068965517,1.2799785745019012,1.4868751262260391,0.2564102564102564,0.3333333333333333,0.3669064748201439
0.2691504086191333,-0.5830432713649707,-65.22052424157262,26.512136653146506,45.46382133073781,9.39344825691459e-05,0.0019609939597181733,1.1941376173653044,0.3793103448275862,0.3793103448275862,0,0.8275862068965517,1.2799785745019012,1.4868751262260391,0.2564102564102564,0.3333333333333333,0.3669064748201439
0.2740382005301164,-0.5831637751732605,-64.83040059229334,26.512136653146506,45.46382133073781,9.39344825691459e-05,0.0019609939597181733,1.1941376173653044,0.3793103448275862,0.3793103448275862,0,0.8275862068965517,1.2799785745019012,1.4868751262260391,0.2564102564102564,0.3333333333333333,0.3669064748201439
0.26949679071913557,-0.5815639674968418,-65.13698976740994,26.512136653146506,45.46382133073781,9.39344825691459e-05,0.0019609939597181733,1.1941376173653044,0.3793103448275862,0.3793103448275862,0,0.8275862068965517,1.2799785745019012,1.4868751262260391,0.2564102564102564,0.3333333333333333,0.3669064748201439
0.2511918195660444,-0.5951105596382409,-67.11574718321482,26.512136653146506,45.46382133073781,9.39344825691459e-05,0.0019609939597181733,1.1941376173653044,0.3793103448275862,0.3793103448275862,0,0.8275862068965517,1.2799785745019012,1.4868751262260391,0.2564102564102564,0.3333333333333333,0.3669064748201439
0.2526970608561771,-0.5915889378908942,-66.87026182090584,26.512136653146506,45.46382133073781,9.39344825691459e-05,0.0019609939597181733,1.1941376173653044,0.3793103448275862,0.3793103448275862,0,0.8275862068965517,1.2799785745019012,1.4868751262260391,0.2564102564102564,0.3333333333333333,0.3669064748201439
0.2574627085926816,-0.5931200519583049,-66.53520545141329,26.512136653146506,45.46382133073781,9.39344825691459e-05,0.0019609939597181733,1.1941376173653044,0.3793103448275862,0.3793103448275862,0,0.8275862068965517,1.2799785745019012,1.4868751262260391,0.2564102564102564,0.3333333333333333,0.3669064748201439
0.2502393640421579,-0.5980953153363828,-67.29586863742989,26.512136653146506,45.46382133073781,9.39344825691459e-05,0.0019609939597181733,1.1941376173653044,0.3793103448275862,0.3793103448275862,0,0.8275862068965517,1.2799785745019012,1.4868751262260391,0.2564102564102564,0.3333333333333333,0.3669064748201439
0.25601716053971574,-0.5984493214364732,-66.83871718730944,26.512136653146506,45.46382133073781,9.39344825691459e-05,0.0019609939597181733,1.1941376173653044,0.3793103448275862,0.3793103448275862,0,0.8275862068965517,1.2799785745019012,1.4868751262260391,0.2564102564102564,0.3333333333333333,0.3669064748201439
0.2551539456261449,-0.5980977925781732,-66.89646480390056,26.512136653146506,45.46382133073781,9.39344825691459e-05,0.0019609939597181733,1.1941376173653044,0.3793103448275862,0.3793103448275862,0,0.8275862068965517,1.2799785745019012,1.4868751262260391,0.2564102564102564,0.3333333333333333,0.3669064748201439
0.24432246133328558,-0.6068170322587122,-68.0688278549672,26.512136653146506,45.46382133073781,9.39344825691459e-05,0.0019609939597181733,1.1941376173653044,0.3793103448275862,0.3793103448275862,0,0.8275862068965517,1.2799785745019012,1.4868751262260391,0.2564102564102564,0.3333333333333333,0.3669064748201439
0.24965701993630454,-0.6062181426950236,-67.61681156424864,26.512136653146506,45.46382133073781,9.39344825691459e-05,0.0019609939597181733,1.1941376173653044,0.3793103448275862,0.3793103448275862,0,0.8275862068965517,1.2799785745019012,1.4868751262260391,0.2564102564102564,0.3333333333333333,0.3669064748201439
0.24812485469883278,-0.6052269018855808,-67.7078438484775,26.512136653146506,45.46382133073781,9.39344825691459e-05,0.0019609939597181733,1.1941376173653044,0.3793103448275862,0.3793103448275862,0,0.8275862068965517,1.2799785745019012,1.4868751262260391,0.2564102564102564,0.3333333333333333,0.3669064748201439
0.24056926035220064,-0.6098127422749364,-68.47091743850311,26.512136653146506,45.46382133073781,9.39344825691459e-05,0.0019609939597181733,1.1941376173653044,0.3793103448275862,0.3793103448275862,0,0.8275862068965517,1.2799785745019012,1.4868751262260391,0.2564102564102564,0.3333333333333333,0.3669064748201439
0.24537025623916736,-0.6105300501199873,-68.10494858874719,26.512136653146506,45.46382133073781,9.39344825691459e-05,0.0019609939597181733,1.1941376173653044,0.3793103448275862,0.3793103448275862,0,0.8275862068965517,1.2799785745019012,1.4868751262260391,0.2564102564102564,0.3333333333333333,0.3669064748201439
0.24692528137001796,-0.6119932381595508,-68.02705063567133,26.512136653146506,45.46382133073781,9.39344825691459e-05,0.0019609939597181733,1.1941376173653044,0.3793103448275862,0.3793103448275862,0,0.8275862068965517,1.2799785745019012,1.4868751262260391,0.2564102564102564,0.3333333333333333,0.3669064748201439
0.2433170987448478,-0.6122013274038668,-68.32484050170173,26.512136653146506,45.46382133073781,9.39344825691459e-05,0.0019609939597181733,1.1941376173653044,0.3793103448275862,0.3793103448275862,0,0.8275862068965517,1.2799785745019012,1.4868751262260391,0.2564102564102564,0.3333333333333333,0.3669064748201439
0.2432170757873181,-0.6137056751824393,-68.38113200630806,26.512136653146506,45.46382133073781,9.39344825691459e-05,0.0019609939597181733,1.1941376173653044,0.3793103448275862,0.3793103448275862,0,0.8275862068965517,1.2799785745019012,1.4868751262260391,0.2564102564102564,0.3333333333333333,0.3669064748201439
0.24285774092590035,-0.6124252279502326,-68.36915674771431,26.512136653146506,45.46382133073781,9.39344825691459e-05,0.0019609939597181733,1.1941376173653044,0.3793103448275862,0.3793103448275862,0,0.8275862068965517,1.2799785745019012,1.4868751262260391,0.2564102564102564,0.3333333333333333,0.3669064748201439
0.23778938573508332,-0.6142522983358716,-68.83757994872353,26.512136653146506,45.46382133073781,9.39344825691459e-05,0.0019609939597181733,1.1941376173653044,0.3793103448275862,0.3793103448275862,0,0.8275862068965517,1.2799785745019012,1.4868751262260391,0.2564102564102564,0.3333333333333333,0.3669064748201439
0.24028866522242412,-0.6172422665837868,-68.72933896660491,26.512136653146506,45.46382133073781,9.39344825691459e-05,0.0019609939597181733,1.1941376173653044,0.3793103448275862,0.3793103448275862,0,0.8275862068965517,1.2799785745019012,1.4868751262260391,0.2564102564102564,0.3333333333333333,0.3669064748201439
0.24050493270238193,-0.6185417771474374,-68.7526399523018,26.512136653146506,45.46382133073781,9.39344825691459e-05,0.0019609939597181733,1.1941376173653044,0.3793103448275862,0.3793103448275862,0,0.8275862068965517,1.2799785745019012,1.4868751262260391,0.2564102564102564,0.3333333333333333,0.3669064748201439
0.2392659015623331,-0.619667982075802,-68.88745215257028,26.512136653146506,45.46382133073781,9.39344825691459e-05,0.0019609939597181733,1.1941376173653044,0.3793103448275862,0.3793103448275862,0,0.8275862068965517,1.2799785745019012,1.4868751262260391,0.2564102564102564,0.3333333333333333,0.3669064748201439
0.24434045033503476,-0.6333127868643323,-68.90272588338745,26.512136653146506,45.46382133073781,9.39344825691459e-05,0.0019609939597181733,1.1941376173653044,0.3793103448275862,0.3793103448275862,0,0.8275862068965517,1.2799785745019012,1.4868751262260391,0.2564102564102564,0.3333333333333333,0.3669064748201439
0.2562243635907635,-0.6635904157604514,-68.88751578269782,26.512136653146506,45.46382133073781,9.39344825691459e-05,0.0019609939597181733,1.1941376173653044,0.3793103448275862,0.3793103448275862,0,0.8275862068965517,1.2799785745019012,1.4868751262260391,0.2564102564102564,0.3333333333333333,0.3669064748201439
0.26358923121269473,-0.6701712034386412,-68.5294788514178,26.512136653146506,45.46382133073781,9.39344825691459e-05,0.0019609939597181733,1.1941376173653044,0.3793103448275862,0.3793103448275862,0,0.8275862068965517,1.2799785745019012,1.4868751262260391,0.2564102564102564,0.3333333333333333,0.3669064748201439
0.25605370424204066,-0.6834793524260581,-69.4624079959473,26.512136653146506,45.46382133073781,9.39344825691459e-05,0.0019609939597181733,1.1941376173653044,0.3793103448275862,0.3793103448275862,0,0.8275862068965517,1.2799785745019012,1.4868751262260391,0.2564102564102564,0.3333333333333333,0.3669064748201439
0.2488420038843293,-0.6808339419962739,-69.92284996825883,26.512136653146506,45.46382133073781,9.39344825691459e-05,0.0019609939597181733,1.1941376173653044,0.3793103448275862,0.3793103448275862,0,0.8275862068965517,1.2799785745019012,1.4868751262260391,0.2564102564102564,0.3333333333333333,0.3669064748201439
0.24085364181945645,-0.6822153862161361,-70.55460760622525,26.512136653146506,45.46382133073781,9.39344825691459e-05,0.0019609939597181733,1.1941376173653044,0.3793103448275862,0.3793103448275862,0,0.8275862068965517,1.2799785745019012,1.4868751262260391,0.2564102564102564,0.3333333333333333,0.3669064748201439
0.24946876043923488,-0.683150238613882,-69.93911683356393,26.512136653146506,45.46382133073781,9.39344825691459e-05,0.0019609939597181733,1.1941376173653044,0.3793103448275862,0.3793103448275862,0,0.8275862068965517,1.2799785745019012,1.4868751262260391,0.2564102564102564,0.3333333333333333,0.3669064748201439
0.2508212150738076,-0.6825775913553856,-69.82354639498253,26.512136653146506,45.46382133073781,9.39344825691459e-05,0.0019609939597181733,1.1941376173653044,0.3793103448275862,0.3793103448275862,0,0.8275862068965517,1.2799785745019012,1.4868751262260391,0.2564102564102564,0.3333333333333333,0.3669064748201439
0.24471429352776564,-0.6864945570557273,-70.3804052214294,26.512136653146506,45.46382133073781,9.39344825691459e-05,0.0019609939597181733,1.1941376173653044,0.3793103448275862,0.3793103448275862,0,0.8275862068965517,1.2799785745019012,1.4868751262260391,0.2564102564102564,0.3333333333333333,0.3669064748201439
0.2563005864024616,-0.6949169627854549,-69.75492174834305,26.512136653146506,45.46382133073781,9.39344825691459e-05,0.0019609939597181733,1.1941376173653044,0.3793103448275862,0.3793103448275862,0,0.8275862068965517,1.2799785745019012,1.4868751262260391,0.2564102564102564,0.3333333333333333,0.3669064748201439
0.25253672109968445,-0.699861321535876,-70.15861810878128,26.512136653146506,45.46382133073781,9.39344825691459e-05,0.0019609939597181733,1.1941376173653044,0.3793103448275862,0.3793103448275862,0,0.8275862068965517,1.2799785745019012,1.4868751262260391,0.2564102564102564,0.3333333333333333,0.3669064748201439
0.2521980915869181,-0.7081633425923458,-70.39766871706932,26.512136653146506,45.46382133073781,9.39344825691459e-05,0.0019609939597181733,1.1941376173653044,0.3793103448275862,0.3793103448275862,0,0.8275862068965517,1.2799785745019012,1.4868751262260391,0.2564102564102564,0.3333333333333333,0.3669064748201439
0.27591938854858566,-0.7414349733560108,-69.58763231388457,26.512136653146506,45.46382133073781,9.39344825691459e-05,0.0019609939597181733,1.1941376173653044,0.3793103448275862,0.3793103448275862,0,0.8275862068965517,1.2799785745019012,1.4868751262260391,0.2564102564102564,0.3333333333333333,0.3669064748201439
0.3143118072189195,-0.8117302474501769,-68.83299176144521,26.512136653146506,45.46382133073781,9.39344825691459e-05,0.0019609939597181733,1.1941376173653044,0.3793103448275862,0.3793103448275862,0,0.8275862068965517,1.2799785745019012,1.4868751262260391,0.2564102564102564,0.3333333333333333,0.3669064748201439
0.36798461773638497,-0.8543652893610079,-66.69791862567995,26.512136653146506,45.46382133073781,9.39344825691459e-05,0.0019609939597181733,1.1941376173653044,0.3793103448275862,0.3793103448275862,0,0.8275862068965517,1.2799785745019012,1.4868751262260391,0.2564102564102564,0.3333333333333333,0.3669064748201439
0.39673264451072526,-0.8575540272396346,-65.17318958043552,26.512136653146506,45.46382133073781,9.39344825691459e-05,0.0019609939597181733,1.1941376173653044,0.3793103448275862,0.3793103448275862,0,0.8275862068965517,1.2799785745019012,1.4868751262260391,0.2564102564102564,0.3333333333333333,0.3669064748201439
0.39322425864425264,-0.8579386589941437,-65.37630423439049,26.512136653146506,45.46382133073781,9.39344825691459e-05,0.0019609939597181733,1.1941376173653044,0.3793103448275862,0.3793103448275862,0,0.8275862068965517,1.2799785745019012,1.4868751262260391,0.2564102564102564,0.3333333333333333,0.3669064748201439
0.38978549527114187,-0.8660510219568006,-65.76881428790091,26.512136653146506,45.46382133073781,9.39344825691459e-05,0.0019609939597181733,1.1941376173653044,0.3793103448275862,0.3793103448275862,0,0.8275862068965517,1.2799785745019012,1.4868751262260391,0.2564102564102564,0.3333333333333333,0.3669064748201439
0.38545380401110685,-0.8726900088501316,-66.16968708660694,26.512136653146506,45.46382133073781,9.39344825691459e-05,0.0019609939597181733,1.1941376173653044,0.3793103448275862,0.3793103448275862,0,0.8275862068965517,1.2799785745019012,1.4868751262260391,0.2564102564102564,0.3333333333333333,0.3669064748201439
0.36281024134709056,-0.8801906162262195,-67.59878429993546,26.512136653146506,45.46382133073781,9.39344825691459e-05,0.0019609939597181733,1.1941376173653044,0.3793103448275862,0.3793103448275862,0,0.8275862068965517,1.2799785745019012,1.4868751262260391,0.2564102564102564,0.3333333333333333,0.3669064748201439
0.3644321022984483,-0.8829509503394825,-67.57193981115681,26.512136653146506,45.46382133073781,9.39344825691459e-05,0.0019609939597181733,1.1941376173653044,0.3793103448275862,0.3793103448275862,0,0.8275862068965517,1.2799785745019012,1.4868751262260391,0.2564102564102564,0.3333333333333333,0.3669064748201439
0.3634420291263992,-0.9159370875536078,-68.3569197057195,26.512136653146506,45.46382133073781,9.39344825691459e-05,0.0019609939597181733,1.1941376173653044,0.3793103448275862,0.3793103448275862,0,0.8275862068965517,1.2799785745019012,1.4868751262260391,0.2564102564102564,0.3333333333333333,0.3669064748201439
0.34841990959800495,-0.9547725722356745,-69.95173490064433,26.512136653146506,45.46382133073781,9.39344825691459e-05,0.0019609939597181733,1.1941376173653044,0.3793103448275862,0.3793103448275862,0,0.8275862068965517,1.2799785745019012,1.4868751262260391,0.2564102564102564,0.3333333333333333,0.3669064748201439
0.3809157869410892,-0.9781218604437122,-68.72227432235806,26.512136653146506,45.46382133073781,9.39344825691459e-05,0.0019609939597181733,1.1941376173653044,0.3793103448275862,0.3793103448275862,0,0.8275862068965517,1.2799785745019012,1.4868751262260391,0.2564102564102564,0.3333333333333333,0.3669064748201439
0.41025161480907696,-0.9867330955323534,-67.4240433482112,26.512136653146506,45.46382133073781,9.39344825691459e-05,0.0019609939597181733,1.1941376173653044,0.3793103448275862,0.3793103448275862,0,0.8275862068965517,1.2799785745019012,1.4868751262260391,0.2564102564102564,0.3333333333333333,0.3669064748201439
0.3880090209173096,-0.9962533355308609,-68.72066703108688,26.512136653146506,45.46382133073781,9.39344825691459e-05,0.0019609939597181733,1.1941376173653044,0.3793103448275862,0.3793103448275862,0,0.8275862068965517,1.2799785745019012,1.4868751262260391,0.2564102564102564,0.3333333333333333,0.3669064748201439
0.38591856791751133,-1.0089552630209238,-69.06848532736133,26.512136653146506,45.46382133073781,9.39344825691459e-05,0.0019609939597181733,1.1941376173653044,0.3793103448275862,0.3793103448275862,0,0.8275862068965517,1.2799785745019012,1.4868751262260391,0.2564102564102564,0.3333333333333333,0.3669064748201439
0.392258409006275,-1.0282815780584027,-69.11965559946313,26.512136653146506,45.46382133073781,9.39344825691459e-05,0.0019609939597181733,1.1941376173653044,0.3793103448275862,0.3793103448275862,0,0.8275862068965517,1.2799785745019012,1.4868751262260391,0.2564102564102564,0.3333333333333333,0.3669064748201439
0.3949268798751073,-1.0545730362844519,-69.46958576132458,26.512136653146506,45.46382133073781,9.39344825691459e-05,0.0019609939597181733,1.1941376173653044,0.3793103448275862,0.3793103448275862,0,0.8275862068965517,1.2799785745019012,1.4868751262260391,0.2564102564102564,0.3333333333333333,0.3669064748201439
0.39779963706933374,-1.0644622620206794,-69.50880762487239,26.512136653146506,45.46382133073781,9.39344825691459e-05,0.0019609939597181733,1.1941376173653044,0.3793103448275862,0.3793103448275862,0,0.8275862068965517,1.2799785745019012,1.4868751262260391,0.2564102564102564,0.3333333333333333,0.3669064748201439
0.4082719677002143,-1.0984315795862085,-69.61058943770284,26.512136653146506,45.46382133073781,9.39344825691459e-05,0.0019609939597181733,1.1941376173653044,0.3793103448275862,0.3793103448275862,0,0.8275862068965517,1.2799785745019012,1.4868751262260391,0.2564102564102564,0.3333333333333333,0.3669064748201439
0.4034938569243958,-1.106997682445704,-69.97351249112201,26.512136653146506,45.46382133073781,9.39344825691459e-05,0.0019609939597181733,1.1941376173653044,0.3793103448275862,0.3793103448275862,0,0.8275862068965517,1.2799785745019012,1.4868751262260391,0.2564102564102564,0.3333333333333333,0.3669064748201439
0.4147646524070647,-1.0904170909760738,-69.17456266255341,26.512136653146506,45.46382133073781,9.39344825691459e-05,0.0019609939597181733,1.1941376173653044,0.3793103448275862,0.3793103448275862,0,0.8275862068965517,1.2799785745019012,1.4868751262260391,0.2564102564102564,0.3333333333333333,0.3669064748201439
0.3827489546774419,-1.1303974381248085,-71.29406414451648,26.512136653146506,45.46382133073781,9.39344825691459e-05,0.0019609939597181733,1.1941376173653044,0.3793103448275862,0.3793103448275862,0,0.8275862068965517,1.2799785745019012,1.4868751262260391,0.2564102564102564,0.3333333333333333,0.3669064748201439
0.38275198441858566,-1.133023448345797,-71.33427525820018,26.512136653146506,45.46382133073781,9.39344825691459e-05,0.0019609939597181733,1.1941376173653044,0.3793103448275862,0.3793103448275862,0,0.8275862068965517,1.2799785745019012,1.4868751262260391,0.2564102564102564,0.3333333333333333,0.3669064748201439
0.37481350640021227,-1.1346457593723747,-71.71978902630829,26.512136653146506,45.46382133073781,9.39344825691459e-05,0.0019609939597181733,1.1941376173653044,0.3793103448275862,0.3793103448275862,0,0.8275862068965517,1.2799785745019012,1.4868751262260391,0.2564102564102564,0.3333333333333333,0.3669064748201439
0.3767426115139029,-1.1360141030715545,-71.6526462490674,26.512136653146506,45.46382133073781,9.39344825691459e-05,0.0019609939597181733,1.1941376173653044,0.3793103448275862,0.3793103448275862,0,0.8275862068965517,1.2799785745019012,1.4868751262260391,0.2564102564102564,0.3333333333333333,0.3669064748201439
0.3801653332844153,-1.1362500735368535,-71.50084453199462,26.512136653146506,45.46382133073781,9.39344825691459e-05,0.0019609939597181733,1.1941376173653044,0.3793103448275862,0.3793103448275862,0,0.8275862068965517,1.2799785745019012,1.4868751262260391,0.2564102564102564,0.3333333333333333,0.3669064748201439
0.3786970369829473,-1.1369262042392816,-71.57767754671072,26.512136653146506,45.46382133073781,9.39344825691459e-05,0.0019609939597181733,1.1941376173653044,0.3793103448275862,0.3793103448275862,0,0.8275862068965517,1.2799785745019012,1.4868751262260391,0.2564102564102564,0.3333333333333333,0.3669064748201439
0.3747223114999083,-1.135825240263077,-71.74166001545524,26.512136653146506,45.46382133073781,9.39344825691459e-05,0.0019609939597181733,1.1941376173653044,0.3793103448275862,0.3793103448275862,0,0.8275862068965517,1.2799785745019012,1.4868751262260391,0.2564102564102564,0.3333333333333333,0.3669064748201439
0.3713696900237354,-1.1352881991827735,-71.88630792286376,26.512136653146506,45.46382133073781,9.39344825691459e-05,0.0019609939597181733,1.1941376173653044,0.3793103448275862,0.3793103448275862,0,0.8275862068965517,1.2799785745019012,1.4868751262260391,0.2564102564102564,0.3333333333333333,0.3669064748201439
0.36742942250161575,-1.1362935773067195,-72.0809802169321,26.512136653146506,45.46382133073781,9.39344825691459e-05,0.0019609939597181733,1.1941376173653044,0.3793103448275862,0.3793103448275862,0,0.8275862068965517,1.2799785745019012,1.4868751262260391,0.2564102564102564,0.3333333333333333,0.3669064748201439
0.36841991910559463,-1.136191982906707,-72.03427233017516,26.512136653146506,45.46382133073781,9.39344825691459e-05,0.0019609939597181733,1.1941376173653044,0.3793103448275862,0.3793103448275862,0,0.8275862068965517,1.2799785745019012,1.4868751262260391,0.2564102564102564,0.3333333333333333,0.3669064748201439
0.3681017214073264,-1.1362947883763235,-72.0503128607387,26.512136653146506,45.46382133073781,9.39344825691459e-05,0.0019609939597181733,1.1941376173653044,0.3793103448275862,0.3793103448275862,0,0.8275862068965517,1.2799785745019012,1.4868751262260391,0.2564102564102564,0.3333333333333333,0.3669064748201439
0.36796502184273927,-1.1375749565967284,-72.0754512953899,26.512136653146506,45.46382133073781,9.39344825691459e-05,0.0019609939597181733,1.1941376173653044,0.3793103448275862,0.3793103448275862,0,0.8275862068965517,1.2799785745019012,1.4868751262260391,0.2564102564102564,0.3333333333333333,0.3669064748201439
0.3678738866738404,-1.1396962820105876,-72.11083449103421,26.512136653146506,45.46382133073781,9.39344825691459e-05,0.0019609939597181733,1.1941376173653044,0.3793103448275862,0.3793103448275862,0,0.8275862068965517,1.2799785745019012,1.4868751262260391,0.2564102564102564,0.3333333333333333,0.3669064748201439
0.36985503282994947,-1.1420432490471566,-72.05525744918137,26.512136653146506,45.46382133073781,9.39344825691459e-05,0.0019609939597181733,1.1941376173653044,0.3793103448275862,0.3793103448275862,0,0.8275862068965517,1.2799785745019012,1.4868751262260391,0.2564102564102564,0.3333333333333333,0.3669064748201439
0.36241136126446444,-1.1409211689717347,-72.37765224723118,26.512136653146506,45.46382133073781,9.39344825691459e-05,0.0019609939597181733,1.1941376173653044,0.3793103448275862,0.3793103448275862,0,0.8275862068965517,1.2799785745019012,1.4868751262260391,0.2564102564102564,0.3333333333333333,0.3669064748201439
0.36335801595459744,-1.1386288899657482,-72.30113330569009,26.512136653146506,45.46382133073781,9.39344825691459e-05,0.0019609939597181733,1.1941376173653044,0.3793103448275862,0.3793103448275862,0,0.8275862068965517,1.2799785745019012,1.4868751262260391,0.2564102564102564,0.3333333333333333,0.3669064748201439
0.3587596790157508,-1.1363836465008403,-72.47893920404803,26.512136653146506,45.46382133073781,9.39344825691459e-05,0.0019609939597181733,1.1941376173653044,0.3793103448275862,0.3793103448275862,0,0.8275862068965517,1.2799785745019012,1.4868751262260391,0.2564102564102564,0.3333333333333333,0.3669064748201439
0.36135534577278117,-1.1377968398143192,-72.38056046650456,26.512136653146506,45.46382133073781,9.39344825691459e-05,0.0019609939597181733,1.1941376173653044,0.3793103448275862,0.3793103448275862,0,0.8275862068965517,1.2799785745019012,1.4868751262260391,0.2564102564102564,0.3333333333333333,0.3669064748201439
0.36096110705404244,-1.1379257932454259,-72.40046742148584,26.512136653146506,45.46382133073781,9.39344825691459e-05,0.0019609939597181733,1.1941376173653044,0.3793103448275862,0.3793103448275862,0,0.8275862068965517,1.2799785745019012,1.4868751262260391,0.2564102564102564,0.3333333333333333,0.3669064748201439
0.3571131884766314,-1.1361748577552413,-72.55145025094802,26.512136653146506,45.46382133073781,9.39344825691459e-05,0.0019609939597181733,1.1941376173653044,0.3793103448275862,0.3793103448275862,0,0.8275862068965517,1.2799785745019012,1.4868751262260391,0.2564102564102564,0.3333333333333333,0.3669064748201439
0.3461847279965189,-1.137208467326737,-73.06889937456212,26.512136653146506,45.46382133073781,9.39344825691459e-05,0.0019609939597181733,1.1941376173653044,0.3793103448275862,0.3793103448275862,0,0.8275862068965517,1.2799785745019012,1.4868751262260391,0.2564102564102564,0.3333333333333333,0.3669064748201439
0.3461884994138802,-1.1508277757312624,-73.2578225975157,26.512136653146506,45.46382133073781,9.39344825691459e-05,0.0019609939597181733,1.1941376173653044,0.3793103448275862,0.3793103448275862,0,0.8275862068965517,1.2799785745019012,1.4868751262260391,0.2564102564102564,0.3333333333333333,0.3669064748201439
0.344590953379481,-1.1566725988305606,-73.41037841151122,26.512136653146506,45.46382133073781,9.39344825691459e-05,0.0019609939597181733,1.1941376173653044,0.3793103448275862,0.3793103448275862,0,0.8275862068965517,1.2799785745019012,1.4868751262260391,0.2564102564102564,0.3333333333333333,0.3669064748201439
0.3347090344688439,-1.1547248456634136,-73.83521794170943,26.512136653146506,45.46382133073781,9.39344825691459e-05,0.0019609939597181733,1.1941376173653044,0.3793103448275862,0.3793103448275862,0,0.8275862068965517,1.2799785745019012,1.4868751262260391,0.2564102564102564,0.3333333333333333,0.3669064748201439
0.34043304754774106,-1.1586305770464755,-73.62596534570316,26.512136653146506,45.46382133073781,9.39344825691459e-05,0.0019609939597181733,1.1941376173653044,0.3793103448275862,0.3793103448275862,0,0.8275862068965517,1.2799785745019012,1.4868751262260391,0.2564102564102564,0.3333333333333333,0.3669064748201439
0.33556237396823263,-1.1578826495182013,-73.83804737232408,26.512136653146506,45.46382133073781,9.39344825691459e-05,0.0019609939597181733,1.1941376173653044,0.3793103448275862,0.3793103448275862,0,0.8275862068965517,1.2799785745019012,1.4868751262260391,0.2564102564102564,0.3333333333333333,0.3669064748201439
0.3281106151377941,-1.154787191588059,-74.1385185615864,26.512136653146506,45.46382133073781,9.39344825691459e-05,0.0019609939597181733,1.1941376173653044,0.3793103448275862,0.3793103448275862,0,0.8275862068965517,1.2799785745019012,1.4868751262260391,0.2564102564102564,0.3333333333333333,0.3669064748201439
0.33502428704344894,-1.1466349006935357,-73.7126699874835,26.512136653146506,45.46382133073781,9.39344825691459e-05,0.0019609939597181733,1.1941376173653044,0.3793103448275862,0.3793103448275862,0,0.8275862068965517,1.2799785745019012,1.4868751262260391,0.2564102564102564,0.3333333333333333,0.3669064748201439
0.3358082646506488,-1.1462298722762438,-73.67112282870927,26.512136653146506,45.46382133073781,9.39344825691459e-05,0.0019609939597181733,1.1941376173653044,0.3793103448275862,0.3793103448275862,0,0.8275862068965517,1.2799785745019012,1.4868751262260391,0.2564102564102564,0.3333333333333333,0.3669064748201439
0.33751848270839646,-1.1465265587933136,-73.59644203381927,26.512136653146506,45.46382133073781,9.39344825691459e-05,0.0019609939597181733,1.1941376173653044,0.3793103448275862,0.3793103448275862,0,0.8275862068965517,1.2799785745019012,1.4868751262260391,0.2564102564102564,0.3333333333333333,0.3669064748201439
0.33489820639494045,-1.1458715260796664,-73.70820312121718,26.512136653146506,45.46382133073781,9.39344825691459e-05,0.0019609939597181733,1.1941376173653044,0.3793103448275862,0.3793103448275862,0,0.8275862068965517,1.2799785745019012,1.4868751262260391,0.2564102564102564,0.3333333333333333,0.3669064748201439
0.3340807841600472,-1.1459721323894358,-73.74721813109028,26.512136653146506,45.46382133073781,9.39344825691459e-05,0.0019609939597181733,1.1941376173653044,0.3793103448275862,0.3793103448275862,0,0.8275862068965517,1.2799785745019012,1.4868751262260391,0.2564102564102564,0.3333333333333333,0.3669064748201439
0.335242823700137,-1.146186179844684,-73.69656796488458,26.512136653146506,45.46382133073781,9.39344825691459e-05,0.0019609939597181733,1.1941376173653044,0.3793103448275862,0.3793103448275862,0,0.8275862068965517,1.2799785745019012,1.4868751262260391,0.2564102564102564,0.3333333333333333,0.3669064748201439
0.33456124008263644,-1.1463129702839685,-73.72966370557617,26.512136653146506,45.46382133073781,9.39344825691459e-05,0.0019609939597181733,1.1941376173653044,0.3793103448275862,0.3793103448275862,0,0.8275862068965517,1.2799785745019012,1.4868751262260391,0.2564102564102564,0.3333333333333333,0.3669064748201439
